{
    "unlearn_epochs": 25,
    "seed": 123,
    "unlearn_time_minutes": 7.13802615404129,
    "corruption_level": 0.1,
    "metrics": {
        "forget_degradation_percent": -3.499124575943169,
        "retain_preservation_percent": 88.23854240563566
    },
    "original_performance": {
        "forget_set_mean": -0.5511041936233599,
        "retain_set_mean": 1.4355291674195958
    },
    "unlearned_performance": {
        "forget_set_mean": -0.5318203713452315,
        "retain_set_mean": 1.2666900131388086
    }
}