{
    "unlearn_epochs": 100,
    "seed": 0,
    "unlearn_time_minutes": 28.463493410746256,
    "corruption_level": 0.1,
    "metrics": {
        "forget_degradation_percent": 6.143939725971544,
        "retain_preservation_percent": 107.88119908215243
    },
    "original_performance": {
        "forget_set_mean": -0.5422063186606684,
        "retain_set_mean": 1.320526913382038
    },
    "unlearned_performance": {
        "forget_set_mean": -0.575519148069589,
        "retain_set_mean": 1.424600268359079
    }
}