{
    "unlearn_epochs": 150,
    "seed": 123,
    "unlearn_time_minutes": 56.60979359944661,
    "corruption_level": 0.1,
    "metrics": {
        "forget_degradation_percent": -85.28451281902375,
        "retain_preservation_percent": -12.234936520555332
    },
    "original_performance": {
        "forget_set_mean": -0.5511041936233599,
        "retain_set_mean": 1.4355291674195958
    },
    "unlearned_performance": {
        "forget_set_mean": -0.08109766696646815,
        "retain_set_mean": -0.175636082367844
    }
}