env,mean,std,count
A_after,58.06,34.74244008208322,50
A_before,44.54,26.175397390897977,50
B_after,482.24,33.06737710450329,50
B_before,491.88,16.93521870697457,50
