{
    "unlearn_epochs": 100,
    "seed": 123,
    "unlearn_time_minutes": 28.510320178667705,
    "corruption_level": 0.1,
    "metrics": {
        "forget_degradation_percent": 12.214053119701651,
        "retain_preservation_percent": 99.5318965858297
    },
    "original_performance": {
        "forget_set_mean": -0.5511041936233599,
        "retain_set_mean": 1.4355291674195958
    },
    "unlearned_performance": {
        "forget_set_mean": -0.6184163525774206,
        "retain_set_mean": 1.4288094063754941
    }
}